[{"model": "admin.logentry", "pk": 1, "fields": {"action_time": "2021-06-20T09:30:14.798Z", "user": 1, "content_type": 7, "object_id": "1", "object_repr": "dawg.example.com", "action_flag": 2, "change_message": "[{\"changed\": {\"fields\": [\"Domain name\", \"Display name\"]}}]"}}, {"model": "admin.logentry", "pk": 2, "fields": {"action_time": "2021-06-20T09:39:53.944Z", "user": 1, "content_type": 8, "object_id": "2", "object_repr": "reallylongusername09@gmail.com", "action_flag": 1, "change_message": "[{\"added\": {}}]"}}, {"model": "admin.logentry", "pk": 3, "fields": {"action_time": "2021-07-09T11:06:42.031Z", "user": 1, "content_type": 14, "object_id": "1", "object_repr": "walking_accessories", "action_flag": 1, "change_message": "[{\"added\": {}}]"}}, {"model": "admin.logentry", "pk": 4, "fields": {"action_time": "2021-07-09T11:07:06.333Z", "user": 1, "content_type": 14, "object_id": "2", "object_repr": "food", "action_flag": 1, "change_message": "[{\"added\": {}}]"}}, {"model": "admin.logentry", "pk": 5, "fields": {"action_time": "2021-07-09T11:07:20.761Z", "user": 1, "content_type": 14, "object_id": "3", "object_repr": "toys", "action_flag": 1, "change_message": "[{\"added\": {}}]"}}, {"model": "admin.logentry", "pk": 6, "fields": {"action_time": "2021-07-09T11:07:39.790Z", "user": 1, "content_type": 14, "object_id": "4", "object_repr": "beds", "action_flag": 1, "change_message": "[{\"added\": {}}]"}}, {"model": "admin.logentry", "pk": 7, "fields": {"action_time": "2021-07-09T11:13:27.098Z", "user": 1, "content_type": 13, "object_id": "1", "object_repr": "Collar - S", "action_flag": 1, "change_message": "[{\"added\": {}}]"}}, {"model": "admin.logentry", "pk": 8, "fields": {"action_time": "2021-07-09T11:35:00.121Z", "user": 1, "content_type": 13, "object_id": "1", "object_repr": "Collar - S", "action_flag": 2, "change_message": "[{\"changed\": {\"fields\": [\"Image\"]}}]"}}, {"model": "admin.logentry", "pk": 9, "fields": {"action_time": "2021-07-09T19:01:03.412Z", "user": 1, "content_type": 14, "object_id": "1", "object_repr": "walking_accessories", "action_flag": 2, "change_message": "[{\"changed\": {\"fields\": [\"Friendly name\"]}}]"}}, {"model": "admin.logentry", "pk": 10, "fields": {"action_time": "2021-07-09T19:01:20.062Z", "user": 1, "content_type": 14, "object_id": "1", "object_repr": "collars_and_leads", "action_flag": 2, "change_message": "[{\"changed\": {\"fields\": [\"Name\"]}}]"}}, {"model": "admin.logentry", "pk": 11, "fields": {"action_time": "2021-07-09T19:01:49.657Z", "user": 1, "content_type": 14, "object_id": "4", "object_repr": "beds", "action_flag": 2, "change_message": "[{\"changed\": {\"fields\": [\"Friendly name\"]}}]"}}, {"model": "admin.logentry", "pk": 12, "fields": {"action_time": "2021-07-09T19:03:34.987Z", "user": 1, "content_type": 13, "object_id": "1", "object_repr": "Collar - S", "action_flag": 3, "change_message": ""}}, {"model": "admin.logentry", "pk": 13, "fields": {"action_time": "2021-07-09T19:07:32.840Z", "user": 1, "content_type": 13, "object_id": "2", "object_repr": "Collar - Small", "action_flag": 1, "change_message": "[{\"added\": {}}]"}}, {"model": "admin.logentry", "pk": 14, "fields": {"action_time": "2021-07-09T19:10:22.235Z", "user": 1, "content_type": 13, "object_id": "3", "object_repr": "Collar - Medium", "action_flag": 1, "change_message": "[{\"added\": {}}]"}}, {"model": "admin.logentry", "pk": 15, "fields": {"action_time": "2021-07-09T19:20:27.950Z", "user": 1, "content_type": 13, "object_id": "4", "object_repr": "Retractable Leash", "action_flag": 1, "change_message": "[{\"added\": {}}]"}}, {"model": "admin.logentry", "pk": 16, "fields": {"action_time": "2021-07-09T19:28:47.678Z", "user": 1, "content_type": 13, "object_id": "4", "object_repr": "Leash", "action_flag": 2, "change_message": "[{\"changed\": {\"fields\": [\"Sku\", \"Name\", \"Description\", \"Image url\", \"Image\"]}}]"}}, {"model": "admin.logentry", "pk": 17, "fields": {"action_time": "2021-07-09T19:34:43.328Z", "user": 1, "content_type": 13, "object_id": "5", "object_repr": "Treat Mix", "action_flag": 1, "change_message": "[{\"added\": {}}]"}}, {"model": "admin.logentry", "pk": 18, "fields": {"action_time": "2021-07-09T19:40:51.135Z", "user": 1, "content_type": 13, "object_id": "6", "object_repr": "Biscuit", "action_flag": 1, "change_message": "[{\"added\": {}}]"}}, {"model": "admin.logentry", "pk": 19, "fields": {"action_time": "2021-07-11T15:21:05.179Z", "user": 1, "content_type": 13, "object_id": "2", "object_repr": "Collar - Small", "action_flag": 2, "change_message": "[{\"changed\": {\"fields\": [\"Image url\", \"Image\"]}}]"}}, {"model": "admin.logentry", "pk": 20, "fields": {"action_time": "2021-07-11T15:21:41.603Z", "user": 1, "content_type": 13, "object_id": "3", "object_repr": "Collar - Medium", "action_flag": 2, "change_message": "[{\"changed\": {\"fields\": [\"Image url\", \"Image\"]}}]"}}, {"model": "admin.logentry", "pk": 21, "fields": {"action_time": "2021-07-17T09:24:13.799Z", "user": 1, "content_type": 13, "object_id": "6", "object_repr": "Biscuit", "action_flag": 3, "change_message": ""}}, {"model": "admin.logentry", "pk": 22, "fields": {"action_time": "2021-07-17T09:24:13.946Z", "user": 1, "content_type": 13, "object_id": "5", "object_repr": "Treat Mix", "action_flag": 3, "change_message": ""}}, {"model": "admin.logentry", "pk": 23, "fields": {"action_time": "2021-07-17T10:20:07.053Z", "user": 1, "content_type": 13, "object_id": "7", "object_repr": "Flexi Leash", "action_flag": 1, "change_message": "[{\"added\": {}}]"}}, {"model": "admin.logentry", "pk": 24, "fields": {"action_time": "2021-07-17T10:21:54.208Z", "user": 1, "content_type": 13, "object_id": "8", "object_repr": "Leash coupler", "action_flag": 1, "change_message": "[{\"added\": {}}]"}}, {"model": "admin.logentry", "pk": 25, "fields": {"action_time": "2021-07-17T10:26:44.266Z", "user": 1, "content_type": 13, "object_id": "9", "object_repr": "Puppy Harness", "action_flag": 1, "change_message": "[{\"added\": {}}]"}}, {"model": "admin.logentry", "pk": 26, "fields": {"action_time": "2021-07-17T10:28:08.659Z", "user": 1, "content_type": 13, "object_id": "10", "object_repr": "Adult Harness", "action_flag": 1, "change_message": "[{\"added\": {}}]"}}, {"model": "admin.logentry", "pk": 27, "fields": {"action_time": "2021-07-17T10:29:59.297Z", "user": 1, "content_type": 13, "object_id": "11", "object_repr": "Collar - Large", "action_flag": 1, "change_message": "[{\"added\": {}}]"}}, {"model": "admin.logentry", "pk": 28, "fields": {"action_time": "2021-07-17T10:31:28.340Z", "user": 1, "content_type": 13, "object_id": "12", "object_repr": "Wooden Kennel", "action_flag": 1, "change_message": "[{\"added\": {}}]"}}, {"model": "admin.logentry", "pk": 29, "fields": {"action_time": "2021-07-17T10:32:56.427Z", "user": 1, "content_type": 13, "object_id": "13", "object_repr": "Plastic Dog Bed", "action_flag": 1, "change_message": "[{\"added\": {}}]"}}, {"model": "admin.logentry", "pk": 30, "fields": {"action_time": "2021-07-17T10:34:26.252Z", "user": 1, "content_type": 13, "object_id": "14", "object_repr": "Tipi bed", "action_flag": 1, "change_message": "[{\"added\": {}}]"}}, {"model": "admin.logentry", "pk": 31, "fields": {"action_time": "2021-07-17T10:36:18.515Z", "user": 1, "content_type": 13, "object_id": "15", "object_repr": "Dog Basket", "action_flag": 1, "change_message": "[{\"added\": {}}]"}}, {"model": "admin.logentry", "pk": 32, "fields": {"action_time": "2021-07-17T10:37:33.007Z", "user": 1, "content_type": 13, "object_id": "16", "object_repr": "Beige blanket", "action_flag": 1, "change_message": "[{\"added\": {}}]"}}, {"model": "admin.logentry", "pk": 33, "fields": {"action_time": "2021-07-17T10:38:30.290Z", "user": 1, "content_type": 13, "object_id": "17", "object_repr": "Pink blanket", "action_flag": 1, "change_message": "[{\"added\": {}}]"}}, {"model": "admin.logentry", "pk": 34, "fields": {"action_time": "2021-07-17T10:40:45.825Z", "user": 1, "content_type": 13, "object_id": "18", "object_repr": "Fish & Chicken Sticks", "action_flag": 1, "change_message": "[{\"added\": {}}]"}}, {"model": "admin.logentry", "pk": 35, "fields": {"action_time": "2021-07-17T10:42:00.978Z", "user": 1, "content_type": 13, "object_id": "19", "object_repr": "Waffles", "action_flag": 1, "change_message": "[{\"added\": {}}]"}}, {"model": "admin.logentry", "pk": 36, "fields": {"action_time": "2021-07-17T10:43:00.718Z", "user": 1, "content_type": 13, "object_id": "20", "object_repr": "Bowl - Small", "action_flag": 1, "change_message": "[{\"added\": {}}]"}}, {"model": "admin.logentry", "pk": 37, "fields": {"action_time": "2021-07-17T10:43:55.888Z", "user": 1, "content_type": 13, "object_id": "21", "object_repr": "Bowl - Large", "action_flag": 1, "change_message": "[{\"added\": {}}]"}}, {"model": "admin.logentry", "pk": 38, "fields": {"action_time": "2021-07-17T10:47:30.231Z", "user": 1, "content_type": 13, "object_id": "22", "object_repr": "Chewing Bone", "action_flag": 1, "change_message": "[{\"added\": {}}]"}}, {"model": "admin.logentry", "pk": 39, "fields": {"action_time": "2021-07-17T10:48:39.652Z", "user": 1, "content_type": 13, "object_id": "23", "object_repr": "Jumbo Veal bone", "action_flag": 1, "change_message": "[{\"added\": {}}]"}}, {"model": "admin.logentry", "pk": 40, "fields": {"action_time": "2021-07-17T10:49:36.781Z", "user": 1, "content_type": 13, "object_id": "24", "object_repr": "Raw hide Shoe", "action_flag": 1, "change_message": "[{\"added\": {}}]"}}, {"model": "admin.logentry", "pk": 41, "fields": {"action_time": "2021-07-17T10:50:31.244Z", "user": 1, "content_type": 13, "object_id": "25", "object_repr": "Chewing Roll", "action_flag": 1, "change_message": "[{\"added\": {}}]"}}, {"model": "admin.logentry", "pk": 42, "fields": {"action_time": "2021-07-17T10:51:48.608Z", "user": 1, "content_type": 13, "object_id": "26", "object_repr": "Catapult", "action_flag": 1, "change_message": "[{\"added\": {}}]"}}, {"model": "admin.logentry", "pk": 43, "fields": {"action_time": "2021-07-17T10:52:40.598Z", "user": 1, "content_type": 13, "object_id": "27", "object_repr": "Frisbee", "action_flag": 1, "change_message": "[{\"added\": {}}]"}}, {"model": "admin.logentry", "pk": 44, "fields": {"action_time": "2021-07-17T10:53:46.174Z", "user": 1, "content_type": 13, "object_id": "28", "object_repr": "Squeaky Duck", "action_flag": 1, "change_message": "[{\"added\": {}}]"}}, {"model": "admin.logentry", "pk": 45, "fields": {"action_time": "2021-07-17T10:54:40.563Z", "user": 1, "content_type": 13, "object_id": "29", "object_repr": "Tennis Ball", "action_flag": 1, "change_message": "[{\"added\": {}}]"}}, {"model": "admin.logentry", "pk": 46, "fields": {"action_time": "2021-07-27T11:15:06.042Z", "user": 1, "content_type": 14, "object_id": "5", "object_repr": "collars", "action_flag": 1, "change_message": "[{\"added\": {}}]"}}, {"model": "admin.logentry", "pk": 47, "fields": {"action_time": "2021-07-27T11:15:13.343Z", "user": 1, "content_type": 14, "object_id": "6", "object_repr": "Leads", "action_flag": 1, "change_message": "[{\"added\": {}}]"}}, {"model": "admin.logentry", "pk": 48, "fields": {"action_time": "2021-07-27T11:15:22.495Z", "user": 1, "content_type": 14, "object_id": "7", "object_repr": "Harnesses", "action_flag": 1, "change_message": "[{\"added\": {}}]"}}, {"model": "admin.logentry", "pk": 49, "fields": {"action_time": "2021-07-27T11:15:31.207Z", "user": 1, "content_type": 14, "object_id": "8", "object_repr": "treats", "action_flag": 1, "change_message": "[{\"added\": {}}]"}}, {"model": "admin.logentry", "pk": 50, "fields": {"action_time": "2021-07-27T11:15:48.057Z", "user": 1, "content_type": 14, "object_id": "9", "object_repr": "bowls", "action_flag": 1, "change_message": "[{\"added\": {}}]"}}, {"model": "admin.logentry", "pk": 51, "fields": {"action_time": "2021-07-27T11:16:05.316Z", "user": 1, "content_type": 14, "object_id": "10", "object_repr": "kennels", "action_flag": 1, "change_message": "[{\"added\": {}}]"}}, {"model": "admin.logentry", "pk": 52, "fields": {"action_time": "2021-07-27T11:16:34.758Z", "user": 1, "content_type": 14, "object_id": "11", "object_repr": "balls", "action_flag": 1, "change_message": "[{\"added\": {}}]"}}, {"model": "admin.logentry", "pk": 53, "fields": {"action_time": "2021-07-27T11:16:48.314Z", "user": 1, "content_type": 14, "object_id": "12", "object_repr": "squeaky", "action_flag": 1, "change_message": "[{\"added\": {}}]"}}, {"model": "admin.logentry", "pk": 54, "fields": {"action_time": "2021-07-27T11:17:17.972Z", "user": 1, "content_type": 13, "object_id": "12", "object_repr": "Wooden Kennel", "action_flag": 2, "change_message": "[{\"changed\": {\"fields\": [\"Category\"]}}]"}}, {"model": "admin.logentry", "pk": 55, "fields": {"action_time": "2021-07-27T11:17:45.391Z", "user": 1, "content_type": 13, "object_id": "21", "object_repr": "Bowl - Large", "action_flag": 2, "change_message": "[{\"changed\": {\"fields\": [\"Category\"]}}]"}}, {"model": "admin.logentry", "pk": 56, "fields": {"action_time": "2021-07-27T11:17:55.036Z", "user": 1, "content_type": 13, "object_id": "20", "object_repr": "Bowl - Small", "action_flag": 2, "change_message": "[{\"changed\": {\"fields\": [\"Category\"]}}]"}}, {"model": "admin.logentry", "pk": 57, "fields": {"action_time": "2021-07-27T11:18:20.992Z", "user": 1, "content_type": 13, "object_id": "11", "object_repr": "Collar - Large", "action_flag": 2, "change_message": "[{\"changed\": {\"fields\": [\"Category\"]}}]"}}, {"model": "admin.logentry", "pk": 58, "fields": {"action_time": "2021-07-27T11:18:27.863Z", "user": 1, "content_type": 13, "object_id": "3", "object_repr": "Collar - Medium", "action_flag": 2, "change_message": "[{\"changed\": {\"fields\": [\"Category\"]}}]"}}, {"model": "admin.logentry", "pk": 59, "fields": {"action_time": "2021-07-27T11:18:34.534Z", "user": 1, "content_type": 13, "object_id": "2", "object_repr": "Collar - Small", "action_flag": 2, "change_message": "[{\"changed\": {\"fields\": [\"Category\"]}}]"}}, {"model": "admin.logentry", "pk": 60, "fields": {"action_time": "2021-07-27T11:18:48.479Z", "user": 1, "content_type": 13, "object_id": "18", "object_repr": "Fish & Chicken Sticks", "action_flag": 2, "change_message": "[{\"changed\": {\"fields\": [\"Category\"]}}]"}}, {"model": "admin.logentry", "pk": 61, "fields": {"action_time": "2021-07-27T11:18:55.950Z", "user": 1, "content_type": 13, "object_id": "19", "object_repr": "Waffles", "action_flag": 2, "change_message": "[{\"changed\": {\"fields\": [\"Category\"]}}]"}}, {"model": "admin.logentry", "pk": 62, "fields": {"action_time": "2021-07-27T11:19:25.826Z", "user": 1, "content_type": 14, "object_id": "7", "object_repr": "harnesses", "action_flag": 2, "change_message": "[{\"changed\": {\"fields\": [\"Name\", \"Friendly name\"]}}]"}}, {"model": "admin.logentry", "pk": 63, "fields": {"action_time": "2021-07-27T11:19:37.177Z", "user": 1, "content_type": 13, "object_id": "9", "object_repr": "Puppy Harness", "action_flag": 2, "change_message": "[{\"changed\": {\"fields\": [\"Category\"]}}]"}}, {"model": "admin.logentry", "pk": 64, "fields": {"action_time": "2021-07-27T11:19:44.072Z", "user": 1, "content_type": 13, "object_id": "10", "object_repr": "Adult Harness", "action_flag": 2, "change_message": "[{\"changed\": {\"fields\": [\"Category\"]}}]"}}, {"model": "admin.logentry", "pk": 65, "fields": {"action_time": "2021-07-27T11:20:12.314Z", "user": 1, "content_type": 14, "object_id": "6", "object_repr": "leads", "action_flag": 2, "change_message": "[{\"changed\": {\"fields\": [\"Name\", \"Friendly name\"]}}]"}}, {"model": "admin.logentry", "pk": 66, "fields": {"action_time": "2021-07-27T11:20:27.565Z", "user": 1, "content_type": 13, "object_id": "8", "object_repr": "Leash coupler", "action_flag": 2, "change_message": "[{\"changed\": {\"fields\": [\"Category\"]}}]"}}, {"model": "admin.logentry", "pk": 67, "fields": {"action_time": "2021-07-27T11:20:35.151Z", "user": 1, "content_type": 13, "object_id": "7", "object_repr": "Flexi Leash", "action_flag": 2, "change_message": "[{\"changed\": {\"fields\": [\"Category\"]}}]"}}, {"model": "admin.logentry", "pk": 68, "fields": {"action_time": "2021-07-27T11:20:42.499Z", "user": 1, "content_type": 13, "object_id": "4", "object_repr": "Leash", "action_flag": 2, "change_message": "[{\"changed\": {\"fields\": [\"Category\"]}}]"}}, {"model": "admin.logentry", "pk": 69, "fields": {"action_time": "2021-07-27T11:20:52.543Z", "user": 1, "content_type": 13, "object_id": "26", "object_repr": "Catapult", "action_flag": 2, "change_message": "[{\"changed\": {\"fields\": [\"Category\"]}}]"}}, {"model": "admin.logentry", "pk": 70, "fields": {"action_time": "2021-07-27T11:21:05.400Z", "user": 1, "content_type": 13, "object_id": "28", "object_repr": "Squeaky Duck", "action_flag": 2, "change_message": "[{\"changed\": {\"fields\": [\"Category\"]}}]"}}, {"model": "admin.logentry", "pk": 71, "fields": {"action_time": "2021-07-27T11:21:35.592Z", "user": 1, "content_type": 13, "object_id": "29", "object_repr": "Tennis Ball", "action_flag": 2, "change_message": "[{\"changed\": {\"fields\": [\"Category\"]}}]"}}, {"model": "admin.logentry", "pk": 72, "fields": {"action_time": "2021-07-27T11:21:45.788Z", "user": 1, "content_type": 13, "object_id": "22", "object_repr": "Chewing Bone", "action_flag": 2, "change_message": "[{\"changed\": {\"fields\": [\"Category\"]}}]"}}, {"model": "admin.logentry", "pk": 73, "fields": {"action_time": "2021-07-27T11:21:54.528Z", "user": 1, "content_type": 13, "object_id": "23", "object_repr": "Jumbo Veal bone", "action_flag": 2, "change_message": "[{\"changed\": {\"fields\": [\"Category\"]}}]"}}, {"model": "admin.logentry", "pk": 74, "fields": {"action_time": "2021-07-27T11:22:01.854Z", "user": 1, "content_type": 13, "object_id": "25", "object_repr": "Chewing Roll", "action_flag": 2, "change_message": "[{\"changed\": {\"fields\": [\"Category\"]}}]"}}, {"model": "admin.logentry", "pk": 75, "fields": {"action_time": "2021-07-27T11:22:12.097Z", "user": 1, "content_type": 13, "object_id": "24", "object_repr": "Raw hide Shoe", "action_flag": 2, "change_message": "[{\"changed\": {\"fields\": [\"Category\"]}}]"}}, {"model": "admin.logentry", "pk": 76, "fields": {"action_time": "2021-07-27T11:23:33.432Z", "user": 1, "content_type": 14, "object_id": "2", "object_repr": "food", "action_flag": 3, "change_message": ""}}, {"model": "admin.logentry", "pk": 77, "fields": {"action_time": "2021-07-27T11:23:33.475Z", "user": 1, "content_type": 14, "object_id": "1", "object_repr": "collars_and_leads", "action_flag": 3, "change_message": ""}}, {"model": "admin.logentry", "pk": 78, "fields": {"action_time": "2021-07-27T11:24:06.474Z", "user": 1, "content_type": 14, "object_id": "13", "object_repr": "blankets", "action_flag": 1, "change_message": "[{\"added\": {}}]"}}, {"model": "admin.logentry", "pk": 79, "fields": {"action_time": "2021-07-27T11:24:15.893Z", "user": 1, "content_type": 13, "object_id": "16", "object_repr": "Beige blanket", "action_flag": 2, "change_message": "[{\"changed\": {\"fields\": [\"Category\"]}}]"}}, {"model": "admin.logentry", "pk": 80, "fields": {"action_time": "2021-07-27T11:24:22.452Z", "user": 1, "content_type": 13, "object_id": "17", "object_repr": "Pink blanket", "action_flag": 2, "change_message": "[{\"changed\": {\"fields\": [\"Category\"]}}]"}}, {"model": "admin.logentry", "pk": 81, "fields": {"action_time": "2021-08-30T09:08:44.443Z", "user": 1, "content_type": 16, "object_id": "1", "object_repr": "38D3752D14A64A8C960D5A12A07F13E6", "action_flag": 3, "change_message": ""}}, {"model": "admin.logentry", "pk": 82, "fields": {"action_time": "2021-09-12T10:32:13.028Z", "user": 1, "content_type": 13, "object_id": "30", "object_repr": "Squeaky testing", "action_flag": 3, "change_message": ""}}, {"model": "admin.logentry", "pk": 83, "fields": {"action_time": "2021-09-12T10:32:13.299Z", "user": 1, "content_type": 13, "object_id": "31", "object_repr": "testimage", "action_flag": 3, "change_message": ""}}, {"model": "admin.logentry", "pk": 84, "fields": {"action_time": "2021-09-19T10:58:38.301Z", "user": 1, "content_type": 16, "object_id": "5", "object_repr": "E1C4E08BD49D4A7999507A612A0B948F", "action_flag": 3, "change_message": ""}}, {"model": "admin.logentry", "pk": 85, "fields": {"action_time": "2021-09-19T10:58:38.548Z", "user": 1, "content_type": 16, "object_id": "4", "object_repr": "B6C38382CC1444C19AAF7BC530F01398", "action_flag": 3, "change_message": ""}}, {"model": "admin.logentry", "pk": 86, "fields": {"action_time": "2021-09-19T10:58:38.589Z", "user": 1, "content_type": 16, "object_id": "3", "object_repr": "E7E623359E6544BF91638C61433FC38E", "action_flag": 3, "change_message": ""}}, {"model": "admin.logentry", "pk": 87, "fields": {"action_time": "2021-09-19T10:58:38.630Z", "user": 1, "content_type": 16, "object_id": "2", "object_repr": "B8126D8E2B234B1A99BE5C9DB73115C5", "action_flag": 3, "change_message": ""}}, {"model": "admin.logentry", "pk": 88, "fields": {"action_time": "2021-09-19T11:03:06.262Z", "user": 1, "content_type": 4, "object_id": "2", "object_repr": "testuser", "action_flag": 3, "change_message": ""}}, {"model": "admin.logentry", "pk": 89, "fields": {"action_time": "2021-09-19T11:04:04.063Z", "user": 1, "content_type": 8, "object_id": "1", "object_repr": "shanekeran@gmail.com", "action_flag": 3, "change_message": ""}}, {"model": "auth.user", "pk": 1, "fields": {"password": "pbkdf2_sha256$260000$QwRieELyAtM6nK3WwySfLm$MpSmU57A42JHTQwQFGl5Ka6bHaOodBsGpNb4qwhKMxs=", "last_login": "2021-09-19T11:16:50.598Z", "is_superuser": true, "username": "shane", "first_name": "", "last_name": "", "email": "shanekeran@gmail.com", "is_staff": true, "is_active": true, "date_joined": "2021-06-20T09:11:23.413Z", "groups": [], "user_permissions": []}}, {"model": "sessions.session", "pk": "0o6fsq99p0y2p8ags0jbl02qi756au34", "fields": {"session_data": "e30:1mMSAD:la0_vgIne7Gw3E7SiiiMNZQAL5bchN4Ce0zGJ2IrmAs", "expire_date": "2021-09-18T09:40:41.406Z"}}, {"model": "sessions.session", "pk": "12arllr6gyzmwkh43uzv5nib2024srwz", "fields": {"session_data": "e30:1mMS8z:JkaNPrDtrzR0sdCEDd0jrA_SB8drFe93XL2RkBaPLdo", "expire_date": "2021-09-18T09:39:25.451Z"}}, {"model": "sessions.session", "pk": "1ehcakb9u2s9pxjkgxp0co1qszp390t7", "fields": {"session_data": ".eJxVjDsOgzAQBe-ydWTZXn-AMn3OgHZtL5BEIPGpEHdPkGho38y8HZg6aPbjAS1ta99uS5nbIUMDBm4bU_qU8QT5TWM3qTSN6zywOhV10UW9ply-z8u9HfS09P8afR28dwajE-KadfRZfNTBRqzYaa8FrWAlOloyJTubxLAOiSRjQIHjB5-WOgY:1mGJqE:vLSm97cxge6GY-l6Ujecj_5RpNh6eoT3uPdmg4lfg7w", "expire_date": "2021-09-01T11:34:42.492Z"}}, {"model": "sessions.session", "pk": "1up5idonf3f0kfsqil9wh8xwa6osq0d3", "fields": {"session_data": "e30:1mMSKn:l6aArdbdnevIBKgBxknOzUWeboGo9QWv2juhOUU1OAk", "expire_date": "2021-09-18T09:51:37.110Z"}}, {"model": "sessions.session", "pk": "341dc7bqlvlv7evhvwlx6d4fph0xpzfh", "fields": {"session_data": ".eJxVjMsOwiAQRf-FtSHAMNC6dO83kOExUjU0Ke3K-O_apAvd3nPOfYlA21rD1ssSpizOQovT7xYpPUrbQb5Tu80yzW1dpih3RR60y-ucy_NyuH8HlXr91oCjQ7QavGWKY1QeM6NXzngYolWoGAzDwMob0iVbk1hH5RJxBgcs3h-yKDc6:1mRuWs:JJ9geH9uuVQ6WwcRvmW1Ep3DW3V-Q7mDc6R0xzsuew4", "expire_date": "2021-10-03T10:58:38.868Z"}}, {"model": "sessions.session", "pk": "4ehuok4b1mb9mfo0tl89d0u48hz6ecw8", "fields": {"session_data": ".eJxVjDkOwjAUBe_iOrK8O0lJzxms7-UTA7JRnCAQ4u4QKQW0b-bNizhYl8mtLc0uRzISTrrfzUO4pLKBeIZyqjTUsszZ002hO230WGO6Hnb3LzBBm75vqQejteLSKgQ_eGZ1RG2ZEVb2XjHNUAqUPTIrgKeoREDumQmAURqJW7Sl1nItLj1ueX6SkXWkwT25XLCScZnX9P4ApXpEmw:1mMpnG:TfbfzGnyAsbpE5kaxWSdlq4y8B7zQ0jDu_RIi2TML0k", "expire_date": "2021-09-19T10:54:34.196Z"}}, {"model": "sessions.session", "pk": "4elm8bjpfcnd1xpjdakxwy0tugkmzpsu", "fields": {"session_data": "e30:1mMSBK:qIHKee7buo1drFUJx3DqyPPSxXyQ81CHwZ7L6X1X7JA", "expire_date": "2021-09-18T09:41:50.312Z"}}, {"model": "sessions.session", "pk": "7819xi0wgdmbhhnsxhtjhvr5tdovia7m", "fields": {"session_data": ".eJxVjMsOwiAQRf-FtSHAMNC6dO83kOExUjU0Ke3K-O_apAvd3nPOfYlA21rD1ssSpizOQovT7xYpPUrbQb5Tu80yzW1dpih3RR60y-ucy_NyuH8HlXr91oCjQ7QavGWKY1QeM6NXzngYolWoGAzDwMob0iVbk1hH5RJxBgcs3h-yKDc6:1m1SKI:ZVs59NDr7ELYgxMf0Om7Pwq120dGZ2COwmTzvODDoHo", "expire_date": "2021-07-22T11:36:18.475Z"}}, {"model": "sessions.session", "pk": "8vt1dkxjm7uiw6u4nnzapgrpk8jl37fc", "fields": {"session_data": "eyJiYWciOnsiMTciOjIsIjEyIjoyfX0:1mClN2:tY9xxXndAEtRcw_1CR01nE1PExYBxbMxmIEA6WQmES0", "expire_date": "2021-08-22T16:09:52.033Z"}}, {"model": "sessions.session", "pk": "8wkg6khw29bj7xnjk97ldle9wlm8g8ek", "fields": {"session_data": ".eJxVjMsKwjAUBf8lawk377ZL935DyOvaqCSStKCI_66Fbro9M3M-xPbUe67FptcztzeZ4ESsW5fZrj01myOZCCOHzbtwT2UD8ebKtdJQy9Kyp5tCd9rppcb0OO_u4WB2ff7XQo1aKcmEkej86MGoiMqA5kYMXoICFBzFgGC4YylKHpB50MFhFFog-f4A2wQ-dw:1lutvF:pNDkAV3IqbqQ2Lgdskg0-1Q916s2gc_iC7VKXWo9CaQ", "expire_date": "2021-07-04T09:39:21.179Z"}}, {"model": "sessions.session", "pk": "9e0cdcu9yaa1k3lptu72m09wzs5kftme", "fields": {"session_data": "e30:1mMSC3:h4QHJxZItFMfVO6ZjPw2Ld8PECXfR4VOxTcZZn2Sv_0", "expire_date": "2021-09-18T09:42:35.840Z"}}, {"model": "sessions.session", "pk": "fihmfthfbwgwy30j15jget4osz1vcm79", "fields": {"session_data": "e30:1mMS9a:OE37d-mS9LJRJgq346TMhPxzrq3H5_fwuydt95KJuWk", "expire_date": "2021-09-18T09:40:02.629Z"}}, {"model": "sessions.session", "pk": "fvvea3w1o3spjqke9dzjiqeerpk5nju6", "fields": {"session_data": ".eJxVjMsOgjAUBf-la9P0XWTp3m9obh8XqqY1FBIN4d-VhA3bM3NmJR4G0q_bhThY5tEtLU0uR9ITTk6bh_BMZQfxAWWoNNQyT9nTXaEHbfReY3rdDvcUGKGN_7fUV6O14tIqBH_1zOqI2jIjrOy8YpqhFCg7ZFYAT1GJgNwzEwCjNBL3aEut5Vpc-rzz9CU9235yZEFD:1mPNPV:MAs28cLDwJ0Gq3dLVJfaux7kg9jqcMUfJeKjtOIIjAg", "expire_date": "2021-09-26T11:12:33.228Z"}}, {"model": "sessions.session", "pk": "i3az89zqmobtga8m42pgscc7thwxdwcy", "fields": {"session_data": "eyJzYXZlX2luZm8iOmZhbHNlfQ:1mLOIJ:kRn81ke1X0WzLWDLkhwwmHJaZSRNMU4c2U77FVIf0ik", "expire_date": "2021-09-15T11:20:39.119Z"}}, {"model": "sessions.session", "pk": "kjjw3fnhzlgue1z8suheo87sixf30d81", "fields": {"session_data": ".eJxVjMsOwiAQRf-FtSHAMNC6dO83kOExUjU0Ke3K-O_apAvd3nPOfYlA21rD1ssSpizOQovT7xYpPUrbQb5Tu80yzW1dpih3RR60y-ucy_NyuH8HlXr91oCjQ7QavGWKY1QeM6NXzngYolWoGAzDwMob0iVbk1hH5RJxBgcs3h-yKDc6:1m2bEe:o7BAj3gIr-e-rneHFUYW-_Xw_83GFOAiSgN_K5mXnII", "expire_date": "2021-07-25T15:19:12.193Z"}}, {"model": "sessions.session", "pk": "noaklsjxj08kq0l0kp3j3rfmqa9v48n9", "fields": {"session_data": ".eJxVjMsOwiAQRf-FtSHAMNC6dO83kOExUjU0Ke3K-O_apAvd3nPOfYlA21rD1ssSpizOQovT7xYpPUrbQb5Tu80yzW1dpih3RR60y-ucy_NyuH8HlXr91oCjQ7QavGWKY1QeM6NXzngYolWoGAzDwMob0iVbk1hH5RJxBgcs3h-yKDc6:1m8L0h:6hwW-iRbOuQpkHVqHG9boQpgAaobm0Nq5toLoKDQfE8", "expire_date": "2021-08-10T11:12:31.130Z"}}, {"model": "sessions.session", "pk": "pki7x33m2c17diysps6f3nyrfukvfia1", "fields": {"session_data": ".eJxljMEOgjAQBf-lZ0IKLZRy9O43NNvtVqrYGgpGY_x3hRgT43Vm3nswQExLnM2VpuADOUNnCCPr4zKOxdcumSbWs5oVzMAyDxswwf0zC3iiuAp3hHhIJaY4T8GWa1J-bC73ydG4-7Q_BwPk4b0Wne58XdlKglRUS8-btkHhZGWVI2w74o1EQeQtKCW1FE4L5A6VBk20nWbKOaRo6HYJ0531_PkCe-tREg:1mMSQo:91wfCQ6CnEiHFxEYB34IHTBt1GFxmieQ301Hqg8bBOI", "expire_date": "2021-09-18T09:57:50.108Z"}}, {"model": "sessions.session", "pk": "q1zx5xezjhb3j6vqavk2lviuemdacxfm", "fields": {"session_data": ".eJxVjMsOwiAQRf-FtSHAMNC6dO83kOExUjU0Ke3K-O_apAvd3nPOfYlA21rD1ssSpizOQovT7xYpPUrbQb5Tu80yzW1dpih3RR60y-ucy_NyuH8HlXr91oCjQ7QavGWKY1QeM6NXzngYolWoGAzDwMob0iVbk1hH5RJxBgcs3h-yKDc6:1mRuoU:nY43YPQe6tIvy5yutRE-Tq3_J5U1RsK2lYmnFAmoQFc", "expire_date": "2021-10-03T11:16:50.682Z"}}, {"model": "sessions.session", "pk": "q8354r5thaqve8ioqhrtfs60s21ixavq", "fields": {"session_data": ".eJxVjMsKwjAUBf8lawk377ZL935DyOvaqCSStKCI_66FLnR7Zs68iHXrMtu1p2ZzJBNh5PC7eReuqWwgXlw5VxpqWVr2dFPoTjs91Zhux939C8yuz9-3UKNWSjJhJDo_ejAqojKguRGDl6AABUcxIBjuWIqSB2QedHAYhRa4RXvqPddi0-Oe25NMjMOoAd4fxlw_qQ:1mRYWL:qNO84y1a6He7gNTqCv7Rlnq_PKP2yTc4OP1kujB4BzA", "expire_date": "2021-10-02T11:28:37.487Z"}}, {"model": "sessions.session", "pk": "rq65foq7snie659ul6wrhok422j5nn5g", "fields": {"session_data": "eyJiYWciOnsiMiI6MiwiMTkiOjQsIjMiOjJ9fQ:1mCL9W:TaI6TKSHmVQXNE6weUzVdCy0j_iXjBBiBYfAJiW-fkE", "expire_date": "2021-08-21T12:10:10.266Z"}}, {"model": "sessions.session", "pk": "v15t3uz7gaf2fjmwrjshvgd9xobcn2ob", "fields": {"session_data": ".eJxVjMsOwiAQRf-FtSHAMNC6dO83kOExUjU0Ke3K-O_apAvd3nPOfYlA21rD1ssSpizOQovT7xYpPUrbQb5Tu80yzW1dpih3RR60y-ucy_NyuH8HlXr91oCjQ7QavGWKY1QeM6NXzngYolWoGAzDwMob0iVbk1hH5RJxBgcs3h-yKDc6:1mRuc8:TR3gkssHxyTwpgk3-a39wVpmFjw5DGb785kWQIBLC9g", "expire_date": "2021-10-03T11:04:04.299Z"}}, {"model": "sessions.session", "pk": "yzvkyaw93zqou3qgvqfh4z82rutp13vs", "fields": {"session_data": ".eJxVjMsOwiAQRf-FtSHAMNC6dO83kOExUjU0Ke3K-O_apAvd3nPOfYlA21rD1ssSpizOQovT7xYpPUrbQb5Tu80yzW1dpih3RR60y-ucy_NyuH8HlXr91oCjQ7QavGWKY1QeM6NXzngYolWoGAzDwMob0iVbk1hH5RJxBgcs3h-yKDc6:1m1oHd:vhAmbCRJhbb56v4gzcoHMmpyysovVqTm0An40En1sWg", "expire_date": "2021-07-23T11:03:01.038Z"}}, {"model": "sites.site", "pk": 1, "fields": {"domain": "dawg.example.com", "name": "Dawg"}}, {"model": "account.emailaddress", "pk": 2, "fields": {"user": 1, "email": "reallylongusername09@gmail.com", "verified": true, "primary": true}}, {"model": "products.category", "pk": 3, "fields": {"name": "toys", "friendly_name": "Toys"}}, {"model": "products.category", "pk": 4, "fields": {"name": "beds", "friendly_name": "Beds"}}, {"model": "products.category", "pk": 5, "fields": {"name": "collars", "friendly_name": "Collars"}}, {"model": "products.category", "pk": 6, "fields": {"name": "leads", "friendly_name": "Leads"}}, {"model": "products.category", "pk": 7, "fields": {"name": "harnesses", "friendly_name": "Harnesses"}}, {"model": "products.category", "pk": 8, "fields": {"name": "treats", "friendly_name": "Treats"}}, {"model": "products.category", "pk": 9, "fields": {"name": "bowls", "friendly_name": "Bowls"}}, {"model": "products.category", "pk": 10, "fields": {"name": "kennels", "friendly_name": "Kennels"}}, {"model": "products.category", "pk": 11, "fields": {"name": "balls", "friendly_name": "Balls"}}, {"model": "products.category", "pk": 12, "fields": {"name": "squeaky", "friendly_name": "Squeaky"}}, {"model": "products.category", "pk": 13, "fields": {"name": "blankets", "friendly_name": "Blankets"}}, {"model": "products.product", "pk": 2, "fields": {"category": 5, "sku": "COL-SMA", "name": "Collar - Small", "description": "Small, comfortable and stretchy collar that is perfect for small dogs.", "price": "10.00", "image_url": "https://i.imgur.com/QkMMKaa.png", "image": "collar_s.png"}}, {"model": "products.product", "pk": 3, "fields": {"category": 5, "sku": "COL-MED", "name": "Collar - Medium", "description": "Medium, comfortable and stretchy collar that is perfect for medium sized dogs.", "price": "12.50", "image_url": "https://i.imgur.com/cHkBAFx.png", "image": "collar-m.png"}}, {"model": "products.product", "pk": 4, "fields": {"category": 6, "sku": "LEA-STA", "name": "Leash", "description": "Standard Dog Leash. 1.5m in length and high strength to handle dogs of any size.  It also glows in the dark.", "price": "15.00", "image_url": "https://i.imgur.com/tadNqWA.jpg", "image": "leash-1.jpg"}}, {"model": "products.product", "pk": 7, "fields": {"category": 6, "sku": "LEA-FLE", "name": "Flexi Leash", "description": "Strong, durable extendable lead. Allows your dog to roam up to 15 meters away. Recommended for dogs weighing less than 35kg.", "price": "15.00", "image_url": "https://i.imgur.com/VloSSLz.jpg", "image": "flexi-leash.jpg"}}, {"model": "products.product", "pk": 8, "fields": {"category": 6, "sku": "LEA-CPL", "name": "Leash coupler", "description": "Walk two dogs with one leash using this handing coupler.", "price": "10.00", "image_url": "https://i.imgur.com/uckE5fU.jpg", "image": "coupler.jpg"}}, {"model": "products.product", "pk": 9, "fields": {"category": 7, "sku": "HAR-PUP", "name": "Puppy Harness", "description": "Harness for puppies, small leash included.", "price": "18.00", "image_url": "https://i.imgur.com/KMioVno.jpg", "image": "pup-harness.jpg"}}, {"model": "products.product", "pk": 10, "fields": {"category": 7, "sku": "HAR-SVR", "name": "Adult Harness", "description": "Adjustable silver reflective harness for Small / Medium dogs.", "price": "20.00", "image_url": "https://i.imgur.com/GRGBU6X.jpg", "image": "harness.jpg"}}, {"model": "products.product", "pk": 11, "fields": {"category": 5, "sku": "COL-LRG", "name": "Collar - Large", "description": "Adjustable collar for large sized dogs.", "price": "16.00", "image_url": "https://i.imgur.com/CK9Egta.jpg", "image": "premium-collar.jpg"}}, {"model": "products.product", "pk": 12, "fields": {"category": 10, "sku": "BED-KNL", "name": "Wooden Kennel", "description": "Lodge style kennel to keep your dog warm and cozy while outdoors.", "price": "75.00", "image_url": "https://i.imgur.com/Zgw2KWr.jpg", "image": "kennel.jpg"}}, {"model": "products.product", "pk": 13, "fields": {"category": 4, "sku": "BED-PLS", "name": "Plastic Dog Bed", "description": "Perfect for inside the house. No blanket included.", "price": "12.00", "image_url": "https://i.imgur.com/TSCW46g.jpg", "image": "plastic.jpg"}}, {"model": "products.product", "pk": 14, "fields": {"category": 4, "sku": "BED-TIP", "name": "Tipi bed", "description": "Tipi style bed if you're looking for something different.", "price": "18.00", "image_url": "https://i.imgur.com/R3EAdVj.jpg", "image": "tipi.jpg"}}, {"model": "products.product", "pk": 15, "fields": {"category": 4, "sku": "BED-BAS", "name": "Dog Basket", "description": "Comfortable cushioned basket style bed for small dogs.", "price": "10.00", "image_url": "https://i.imgur.com/NESRkJV.jpg", "image": "bed.jpg"}}, {"model": "products.product", "pk": 16, "fields": {"category": 13, "sku": "BLA-BGE", "name": "Beige blanket", "description": "Soft and odor resistant.", "price": "6.00", "image_url": "https://i.imgur.com/ImiFSTY.jpg", "image": "blanket.jpg"}}, {"model": "products.product", "pk": 17, "fields": {"category": 13, "sku": "BLA-PNK", "name": "Pink blanket", "description": "Soft and odor resistant", "price": "6.00", "image_url": "https://i.imgur.com/AQU7EUB.jpg", "image": "pink_blanket.jpg"}}, {"model": "products.product", "pk": 18, "fields": {"category": 8, "sku": "FOO-STK", "name": "Fish & Chicken Sticks", "description": "Perfect daily treat to keep your dog happy. Pack contains 22 sticks.", "price": "9.00", "image_url": "https://i.imgur.com/pvBhYKt.jpg", "image": "fish_chicken_sticks.jpg"}}, {"model": "products.product", "pk": 19, "fields": {"category": 8, "sku": "FOO-WFL", "name": "Waffles", "description": "That's right! Waffle treats for dogs, the perfect Sunday morning snack.", "price": "8.00", "image_url": "https://i.imgur.com/RMKPj6v.jpg", "image": "waffles.jpg"}}, {"model": "products.product", "pk": 20, "fields": {"category": 9, "sku": "BWL-SMA", "name": "Bowl - Small", "description": "Small dog bowl for food / water. Stainless steel.", "price": "5.00", "image_url": "https://i.imgur.com/wlDoOCX.jpg", "image": "bowl-s.jpg"}}, {"model": "products.product", "pk": 21, "fields": {"category": 9, "sku": "BWL-LGE", "name": "Bowl - Large", "description": "Large stainless steel bowl for food / water.", "price": "8.00", "image_url": "https://i.imgur.com/ANVEnyE.jpg", "image": "bowl-l.jpg"}}, {"model": "products.product", "pk": 22, "fields": {"category": 8, "sku": "TRE-BNE", "name": "Chewing Bone", "description": "Raw hide bone", "price": "4.00", "image_url": "https://i.imgur.com/VvsrD7N.jpg", "image": "bone.jpg"}}, {"model": "products.product", "pk": 23, "fields": {"category": 8, "sku": "TRE-JUM", "name": "Jumbo Veal bone", "description": "Large bone guaranteed to keep your dog of any size occupied for hours.", "price": "7.00", "image_url": "https://i.imgur.com/Mq6inGI.jpg", "image": "jumbo-veal.jpg"}}, {"model": "products.product", "pk": 24, "fields": {"category": 8, "sku": "TRE-SHO", "name": "Raw hide Shoe", "description": "The only shoes you want your dog to chew", "price": "3.00", "image_url": "https://i.imgur.com/Zuvfg3C.jpg", "image": "shoe.jpg"}}, {"model": "products.product", "pk": 25, "fields": {"category": 8, "sku": "TRE-ROL", "name": "Chewing Roll", "description": "The perfect nemesis for large dogs", "price": "6.00", "image_url": "https://i.imgur.com/9ZYiwQA.jpg", "image": "chewing_roll.jpg"}}, {"model": "products.product", "pk": 26, "fields": {"category": 11, "sku": "TOY-CAT", "name": "Catapult", "description": "Use this catapult to throw your dog's ball twice the distance your measly arms can throw!", "price": "10.00", "image_url": "https://i.imgur.com/CBpLs30.jpg", "image": "catapult.jpg"}}, {"model": "products.product", "pk": 27, "fields": {"category": 3, "sku": "TOY-FRS", "name": "Frisbee", "description": "For dogs too sophisticated for tennis balls", "price": "7.00", "image_url": "https://i.imgur.com/XWf8GJY.jpg", "image": "frisbee.jpg"}}, {"model": "products.product", "pk": 28, "fields": {"category": 12, "sku": "TOY-DCK", "name": "Squeaky Duck", "description": "Fun for your dog, headache for the rest of the house.", "price": "4.00", "image_url": "https://i.imgur.com/JRPDpmu.jpg", "image": "squeaky_duck_dOnN2u6.jpg"}}, {"model": "products.product", "pk": 29, "fields": {"category": 11, "sku": "TOY-TNS", "name": "Tennis Ball", "description": "The classic dog toy.", "price": "2.00", "image_url": "https://i.imgur.com/ayPrU37.jpg", "image": "tennisballs.jpg"}}, {"model": "checkout.order", "pk": 6, "fields": {"order_number": "1286F1D5D6C84FA09BD3A5882AEFC793", "user_profile": null, "full_name": "Shane Keran", "email": "shanekeran@gmail.com", "phone_number": "+353876096991", "country": "IE", "postcode": "12345", "town_or_city": "Swords", "street_address1": "11 Abbeyvale place, Swords, Dublin, Ireland", "street_address2": null, "county": "Dublin", "date": "2021-09-01T11:14:57.947Z", "delivery_cost": "0.00", "order_total": "75.00", "grand_total": "75.00", "original_bag": "{\"12\": 1}", "stripe_pid": "pi_3JUrOqE8ngvsjJ2y1LPKh899"}}, {"model": "checkout.order", "pk": 7, "fields": {"order_number": "26E1A89C0CCA4C168777931E54103A5A", "user_profile": null, "full_name": "Shane Keran", "email": "shanekeran@gmail.com", "phone_number": "+353876096991", "country": "US", "postcode": "12345", "town_or_city": "Swords", "street_address1": "11 Abbeyvale place, Swords, Dublin, Ireland", "street_address2": null, "county": "Dublin", "date": "2021-09-01T11:20:38.633Z", "delivery_cost": "0.00", "order_total": "45.00", "grand_total": "45.00", "original_bag": "{\"20\": 9}", "stripe_pid": "pi_3JUrURE8ngvsjJ2y0xFK3yLn"}}, {"model": "checkout.order", "pk": 8, "fields": {"order_number": "DFE77E0C026E46E38EAD94882C45006C", "user_profile": 1, "full_name": "Shane Keran", "email": "shanekeran@gmail.com", "phone_number": "353876096991", "country": "IE", "postcode": "K67R9W2", "town_or_city": "Swords", "street_address1": "11 Abbeyvale place", "street_address2": null, "county": "Dublin", "date": "2021-09-05T10:11:39.483Z", "delivery_cost": "1.20", "order_total": "12.00", "grand_total": "13.20", "original_bag": "{\"22\": 3}", "stripe_pid": "pi_3JWIJhE8ngvsjJ2y0QWKYaft"}}, {"model": "checkout.order", "pk": 9, "fields": {"order_number": "762E29AF847D48B9B5235D1F7E402968", "user_profile": 1, "full_name": "Shane", "email": "shanekeran@gmail.com", "phone_number": "353876096991", "country": "IE", "postcode": "K67R9W2", "town_or_city": "Swords", "street_address1": "11 Abbeyvale place", "street_address2": null, "county": "Dublin", "date": "2021-09-05T10:50:48.415Z", "delivery_cost": "0.70", "order_total": "7.00", "grand_total": "7.70", "original_bag": "{\"27\": 1}", "stripe_pid": "pi_3JWIvgE8ngvsjJ2y19dNT41I"}}, {"model": "checkout.order", "pk": 10, "fields": {"order_number": "EEBFF163C3DF40CA99A819E038FF385E", "user_profile": 1, "full_name": "Shane", "email": "shanekeran@gmail.com", "phone_number": "353876096991", "country": "IE", "postcode": "K67R9W2", "town_or_city": "Swords", "street_address1": "11 Abbeyvale place", "street_address2": null, "county": "Dublin", "date": "2021-09-05T10:54:33.898Z", "delivery_cost": "0.00", "order_total": "75.00", "grand_total": "75.00", "original_bag": "{\"12\": 1}", "stripe_pid": "pi_3JWIzOE8ngvsjJ2y0Pp3UJqH"}}, {"model": "checkout.orderlineitem", "pk": 8, "fields": {"order": 6, "product": 12, "quantity": 1, "lineitem_total": "75.00"}}, {"model": "checkout.orderlineitem", "pk": 9, "fields": {"order": 7, "product": 20, "quantity": 9, "lineitem_total": "45.00"}}, {"model": "checkout.orderlineitem", "pk": 10, "fields": {"order": 8, "product": 22, "quantity": 3, "lineitem_total": "12.00"}}, {"model": "checkout.orderlineitem", "pk": 11, "fields": {"order": 9, "product": 27, "quantity": 1, "lineitem_total": "7.00"}}, {"model": "checkout.orderlineitem", "pk": 12, "fields": {"order": 10, "product": 12, "quantity": 1, "lineitem_total": "75.00"}}, {"model": "profiles.userprofile", "pk": 1, "fields": {"user": 1, "default_phone_number": "353876096991", "default_street_address1": "11 Abbeyvale place", "default_street_address2": null, "default_town_or_city": "Swords", "default_county": "Dublin", "default_postcode": "K67R9W2", "default_country": "IE"}}]